{
  "$schema": "http://json-schema.org/schema",
  "$id": "ng-cli://commands/new.json",
  "description": "Creates a new workspace and an initial Angular application.",
  "$longDescription": "./new.md",

  "$aliases": [ "n" ],
  "$scope": "out",
  "$type": "schematic",
  "$impl": "./new-impl#NewCommand",

  "type": "object",
  "allOf": [
    {
      "properties": {
        "collection": {
          "type": "string",
          "aliases": [ "c" ],
          "description": "A collection of schematics to use in generating the initial application."
        },
        "verbose": {
          "type": "boolean",
          "default": false,
          "aliases": [ "v" ],
          "description": "When true, adds more details to output logging."
        }
      },
      "required": []
    },
    { "$ref": "./definitions.json#/definitions/base" },
    { "$ref": "./definitions.json#/definitions/schematic" },
    { "$ref": "./definitions.json#/definitions/interactive" }
  ]
}
